id,title,score,num_comments,author,created_utc,url,over_18,edited,spoiler,stickied,create_utc
1g47jf4,Data engineering market rebounding? LinkedIn shows signs of pickup; anyone else ?,104,73,TransportationOk2403,1728998391.0,https://i.redd.it/sgomu9ul7xud1.png,False,False,False,False,2024-10-15 13:19:51
1g3zquw,Introducing the dbt Column Lineage Extractor: A Lightweight Tool for dbt Column Lineage,58,8,Nice-Pattern-3287,1728966881.0,https://www.reddit.com/r/dataengineering/comments/1g3zquw/introducing_the_dbt_column_lineage_extractor_a/,False,False,False,False,2024-10-15 04:34:41
1g44ju1,Company wants to set up a Data warehouse - I am a Analyst not an Engineer,39,35,Newosan,1728988351.0,https://www.reddit.com/r/dataengineering/comments/1g44ju1/company_wants_to_set_up_a_data_warehouse_i_am_a/,False,False,False,False,2024-10-15 10:32:31
1g43c4w,Help a junior data engineer left on his own,32,10,OpenProfessional3401,1728982871.0,https://www.reddit.com/r/dataengineering/comments/1g43c4w/help_a_junior_data_engineer_left_on_his_own/,False,False,False,False,2024-10-15 09:01:11
1g4mkz4,Some advice for job seekers from someone on the other side,38,6,molodyets,1729037958.0,https://www.reddit.com/r/dataengineering/comments/1g4mkz4/some_advice_for_job_seekers_from_someone_on_the/,False,False,False,False,2024-10-16 00:19:18
1g4er7o,Limitations of dbt's microbatch incremental models,33,19,captaintobs,1729017028.0,https://www.reddit.com/r/dataengineering/comments/1g4er7o/limitations_of_dbts_microbatch_incremental_models/,False,False,False,False,2024-10-15 18:30:28
1g49ph4,Let’s talk about open compute + a workshop exploring it,24,0,Thinker_Assignment,1729004318.0,https://www.reddit.com/r/dataengineering/comments/1g49ph4/lets_talk_about_open_compute_a_workshop_exploring/,False,False,False,False,2024-10-15 14:58:38
1g43nel,snowflake & Talend ,10,7,EmbarrassedDance498,1728984385.0,https://www.reddit.com/r/dataengineering/comments/1g43nel/snowflake_talend/,False,False,False,False,2024-10-15 09:26:25
1g42loo,UI app to interact with click house self hosted CH-UI ,7,0,CacsAntibis,1728979229.0,https://www.reddit.com/r/dataengineering/comments/1g42loo/ui_app_to_interact_with_click_house_self_hosted/,False,False,False,False,2024-10-15 08:00:29
1g4n4zf,I need help copying a large volume of data to a SQL database.,5,10,stock_daddy,1729039609.0,https://www.reddit.com/r/dataengineering/comments/1g4n4zf/i_need_help_copying_a_large_volume_of_data_to_a/,False,False,False,False,2024-10-16 00:46:49
1g4lm6o,Combining Source Data at the Final Layer,3,2,Soundeth,1729035098.0,https://www.reddit.com/r/dataengineering/comments/1g4lm6o/combining_source_data_at_the_final_layer/,False,False,False,False,2024-10-15 23:31:38
1g4co8p,What kind of data do you folks work on? ,4,7,selfbetrue_,1729011775.0,https://www.reddit.com/r/dataengineering/comments/1g4co8p/what_kind_of_data_do_you_folks_work_on/,False,False,False,False,2024-10-15 17:02:55
1g4cifq,I built a tool to deploy local Jupyter notebooks to cloud compute (feedback appreciated!),5,1,tmychow,1729011392.0,https://www.reddit.com/r/dataengineering/comments/1g4cifq/i_built_a_tool_to_deploy_local_jupyter_notebooks/,False,False,False,False,2024-10-15 16:56:32
1g49pz6,Software Engineering Fundamentals.,4,2,Effective_Bluebird19,1729004356.0,https://www.reddit.com/r/dataengineering/comments/1g49pz6/software_engineering_fundamentals/,False,False,False,False,2024-10-15 14:59:16
1g4l3wz,Looking for a Code-Centric Alternative to Azure Data Factory for Remote Data Extraction,3,0,aussiefirebug,1729033627.0,https://www.reddit.com/r/dataengineering/comments/1g4l3wz/looking_for_a_codecentric_alternative_to_azure/,False,False,False,False,2024-10-15 23:07:07
1g4kjx6,Tools for large datasets of tabular data,2,2,Annual_Elderberry541,1729032075.0,https://www.reddit.com/r/dataengineering/comments/1g4kjx6/tools_for_large_datasets_of_tabular_data/,False,False,False,False,2024-10-15 22:41:15
1g4evnf,Why do I need Meltano?,2,5,Temporary_Basil_7801,1729017340.0,https://www.reddit.com/r/dataengineering/comments/1g4evnf/why_do_i_need_meltano/,False,False,False,False,2024-10-15 18:35:40
1g42srw,How reliable do you think are the statistics of this DB ranking website?,3,2,Leweth,1728980190.0,https://www.reddit.com/r/dataengineering/comments/1g42srw/how_reliable_do_you_think_are_the_statistics_of/,False,False,False,False,2024-10-15 08:16:30
1g4im00,"Books or Resources on System Design, Architecture, building Data-y business ‘stuff’?",2,1,Visible_Extension291,1729026814.0,https://www.reddit.com/r/dataengineering/comments/1g4im00/books_or_resources_on_system_design_architecture/,False,False,False,False,2024-10-15 21:13:34
1g4c3tv,"Mini Data Engineering Project: Monitor DAGs and Tasks in Airflow with Airbyte, Snowflake, and Superset",2,0,marclamberti,1729010375.0,https://youtu.be/x7oRfH4ig54,False,False,False,False,2024-10-15 16:39:35
1g44cmv,Starting US based consultancy - insurance questions,2,0,xephadoodle,1728987521.0,https://www.reddit.com/r/dataengineering/comments/1g44cmv/starting_us_based_consultancy_insurance_questions/,False,False,False,False,2024-10-15 10:18:41
1g42f5j,Code security,2,5,kerokero134340,1728978339.0,https://www.reddit.com/r/dataengineering/comments/1g42f5j/code_security/,False,False,False,False,2024-10-15 07:45:39
1g4hbgo,AWS services vs vendor solutions?,1,0,yingjunwu,1729023532.0,https://www.reddit.com/r/dataengineering/comments/1g4hbgo/aws_services_vs_vendor_solutions/,False,False,False,False,2024-10-15 20:18:52
1g4elbs,How to go about testing a new Hadoop cluster,1,0,Agile-Flower420,1729016615.0,https://www.reddit.com/r/dataengineering/comments/1g4elbs/how_to_go_about_testing_a_new_hadoop_cluster/,False,False,False,False,2024-10-15 18:23:35
1g43xrm,"Looking for advice, manager who wants to get back to a technical role.",1,1,Humble_Ostrich_4610,1728985743.0,https://www.reddit.com/r/dataengineering/comments/1g43xrm/looking_for_advice_manager_who_wants_to_get_back/,False,False,False,False,2024-10-15 09:49:03
1g4ghd3,Help with business-driven ,0,1,Rodnarokk,1729021404.0,https://www.reddit.com/r/dataengineering/comments/1g4ghd3/help_with_businessdriven/,False,False,False,False,2024-10-15 19:43:24
1g4fc74,Working in data with a MS in Marketing ,0,3,Foreign_Analyst,1729018498.0,https://www.reddit.com/r/dataengineering/comments/1g4fc74/working_in_data_with_a_ms_in_marketing/,False,False,False,False,2024-10-15 18:54:58
1g4da02,SQL Server: Best Approach for Copying Large Data (10M to 100M Rows) Between Instances?,0,9,GreyArea1985,1729013285.0,https://www.reddit.com/r/dataengineering/comments/1g4da02/sql_server_best_approach_for_copying_large_data/,False,False,False,False,2024-10-15 17:28:05
1g4c533,GCP Certification,0,0,Traditional-Pen9365,1729010461.0,https://www.reddit.com/r/dataengineering/comments/1g4c533/gcp_certification/,False,False,False,False,2024-10-15 16:41:01
1g47c99,Need Career Advice ,0,0,kiran-187,1728997810.0,https://www.reddit.com/r/dataengineering/comments/1g47c99/need_career_advice/,False,False,False,False,2024-10-15 13:10:10
1g4g9q2,I’m do I have for title role now?,0,1,AdPrimary4289,1729020859.0,https://www.reddit.com/r/dataengineering/comments/1g4g9q2/im_do_i_have_for_title_role_now/,False,False,False,False,2024-10-15 19:34:19
1g4h4y6,What tool should you learn to be señor ingeniero de datos?,0,34,Temporary_Basil_7801,1729023069.0,https://www.reddit.com/r/dataengineering/comments/1g4h4y6/what_tool_should_you_learn_to_be_señor_ingeniero/,False,False,False,False,2024-10-15 20:11:09
